;date;model;tone;l;tone without # ;R;G;B;tone group;data_name;path_cover;annee;colors;47
0;01/01/2018;Lupita Nyongo;#402C2C;0.212745098;402C2C;64;44;44;4;20180101;https://raw.githubusercontent.com/amalenkr/Data-storytelling/main/2%20-%20Donn%C3%A9es/covers/20180101.jpg;2018;2018: #402C2C;
1;10/01/2015;Lupita Nyongo;#58342B;0.257422969;58342B;88;52;43;4;20151001;https://raw.githubusercontent.com/amalenkr/Data-storytelling/main/2%20-%20Donn%C3%A9es/covers/20151001.jpg;2015;2015: #58342B;
2;03/01/2009;Michelle Obama;#844930;0.35411764700000004;844930;132;73;48;7;20090301;https://raw.githubusercontent.com/amalenkr/Data-storytelling/main/2%20-%20Donn%C3%A9es/covers/20090301.jpg;2009;2009: #844930;
3;04/01/2015;Serena Williams;#875038;0.375;875038;135;80;56;7;20150401;https://raw.githubusercontent.com/amalenkr/Data-storytelling/main/2%20-%20Donn%C3%A9es/covers/20150401.jpg;2015;2015: #875038;
4;07/01/2014;Lupita Nyongo;#85524F;0.41666666700000005;85524F;133;82;79;7;20140701;https://raw.githubusercontent.com/amalenkr/Data-storytelling/main/2%20-%20Donn%C3%A9es/covers/20140701.jpg;2014;2014: #85524F;
5;10/01/2016;Lupita Nyongo;#8F5347;0.420588235;8F5347;143;83;71;7;20161001;https://raw.githubusercontent.com/amalenkr/Data-storytelling/main/2%20-%20Donn%C3%A9es/covers/20161001.jpg;2016;2016: #8F5347;
6;03/01/2017;Imaan Hammam;#AB542D;0.425490196;AB542D;171;84;45;7;20170301;https://raw.githubusercontent.com/amalenkr/Data-storytelling/main/2%20-%20Donn%C3%A9es/covers/20170301.jpg;2017;2017: #AB542D;
7;02/01/2018;Serena Williams;#935E47;0.430514706;9,35E+49;147;94;71;7;20180201;https://raw.githubusercontent.com/amalenkr/Data-storytelling/main/2%20-%20Donn%C3%A9es/covers/20180201.jpg;2018;2018: #935E47;
8;04/01/2009;Beyonce;#91684C;0.43389355700000004;91684C;145;104;76;7;20090401;https://raw.githubusercontent.com/amalenkr/Data-storytelling/main/2%20-%20Donn%C3%A9es/covers/20090401.jpg;2009;2009: #91684C;
9;12/01/2002;Halle Berry;#906051;0.44248366;906051;144;96;81;7;20021201;https://raw.githubusercontent.com/amalenkr/Data-storytelling/main/2%20-%20Donn%C3%A9es/covers/20021201.jpg;2002;2002: #906051;
10;06/01/2012;Serena Williams;#9C5A46;0.443697479;9C5A46;156;90;70;7;20120601;https://raw.githubusercontent.com/amalenkr/Data-storytelling/main/2%20-%20Donn%C3%A9es/covers/20120601.jpg;2012;2012: #9C5A46;
11;12/01/2016;Michelle Obama;#A37249;0.465277778;A37249;163;114;73;0;20161201;https://raw.githubusercontent.com/amalenkr/Data-storytelling/main/2%20-%20Donn%C3%A9es/covers/20161201.jpg;2016;2016: #A37249;
12;05/01/2009;Liya Kebede;#AC7842;0.468736383;AC7842;172;120;66;0;20090501;https://raw.githubusercontent.com/amalenkr/Data-storytelling/main/2%20-%20Donn%C3%A9es/covers/20090501.jpg;2009;2009: #AC7842;
13;12/01/2008;Jennifer Aniston;#95745A;0.470437406;95745A;149;116;90;7;20081201;https://raw.githubusercontent.com/amalenkr/Data-storytelling/main/2%20-%20Donn%C3%A9es/covers/20081201.jpg;2008;2008: #95745A;
14;04/01/2016;Rihanna;#9C6A59;0.483333333;9C6A59;156;106;89;7;20160401;https://raw.githubusercontent.com/amalenkr/Data-storytelling/main/2%20-%20Donn%C3%A9es/covers/20160401.jpg;2016;2016: #9C6A59;
15;03/01/2017;Adwoa Aboah;#BA673E;0.486862745;BA673E;186;103;62;0;20170301;https://raw.githubusercontent.com/amalenkr/Data-storytelling/main/2%20-%20Donn%C3%A9es/covers/20170301.jpg;2017;2017: #BA673E;
16;03/01/2007;Jennifer Hudson;#A67955;0.493382353;A67955;166;121;85;0;20070301;https://raw.githubusercontent.com/amalenkr/Data-storytelling/main/2%20-%20Donn%C3%A9es/covers/20070301.jpg;2007;2007: #A67955;
17;06/01/2018;Rihanna;#B47648;0.495938375;B47648;180;118;72;0;20180601;https://raw.githubusercontent.com/amalenkr/Data-storytelling/main/2%20-%20Donn%C3%A9es/covers/20180601.jpg;2018;2018: #B47648;
18;08/01/2008;Kate Moss;#A17F5F;0.502614379;A17F5F;161;127;95;5;20080801;https://raw.githubusercontent.com/amalenkr/Data-storytelling/main/2%20-%20Donn%C3%A9es/covers/20080801.jpg;2008;2008: #A17F5F;
19;09/01/2014;Imaan Hammam;#B1694F;0.503594771;B1694F;177;105;79;0;20140901;https://raw.githubusercontent.com/amalenkr/Data-storytelling/main/2%20-%20Donn%C3%A9es/covers/20140901.jpg;2014;2014: #B1694F;
20;09/01/2018;Beyonce;#B97647;0.504738562;B97647;185;118;71;0;20180901;https://raw.githubusercontent.com/amalenkr/Data-storytelling/main/2%20-%20Donn%C3%A9es/covers/20180901.jpg;2018;2018: #B97647;
21;11/01/2008;Reese Witherspoon;#9F8365;0.51124183;9F8365;159;131;101;5;20081101;https://raw.githubusercontent.com/amalenkr/Data-storytelling/main/2%20-%20Donn%C3%A9es/covers/20081101.jpg;2008;2008: #9F8365;
22;02/01/2008;Kate Bosworth;#A67D61;0.515686275;A67D61;166;125;97;5;20080201;https://raw.githubusercontent.com/amalenkr/Data-storytelling/main/2%20-%20Donn%C3%A9es/covers/20080201.jpg;2008;2008: #A67D61;
23;02/01/2009;Blake Lively;#A9835E;0.516470588;A9835E;169;131;94;5;20090201;https://raw.githubusercontent.com/amalenkr/Data-storytelling/main/2%20-%20Donn%C3%A9es/covers/20090201.jpg;2009;2009: #A9835E;
24;04/01/2013;Michelle Obama;#BD6C4A;0.517156863;BD6C4A;189;108;74;0;20130401;https://raw.githubusercontent.com/amalenkr/Data-storytelling/main/2%20-%20Donn%C3%A9es/covers/20130401.jpg;2013;2013: #BD6C4A;
25;06/01/2009;Cameron Diaz;#A38764;0.517647059;A38764;163;135;100;5;20090601;https://raw.githubusercontent.com/amalenkr/Data-storytelling/main/2%20-%20Donn%C3%A9es/covers/20090601.jpg;2009;2009: #A38764;
26;06/01/2002;Ashley Judd;#AD705B;0.518552036;AD705B;173;112;91;0;20020601;https://raw.githubusercontent.com/amalenkr/Data-storytelling/main/2%20-%20Donn%C3%A9es/covers/20020601.jpg;2002;2002: #AD705B;
27;07/01/2018;Gisele Bundchen;#B87D52;0.52379085;B87D52;184;125;82;0;20180701;https://raw.githubusercontent.com/amalenkr/Data-storytelling/main/2%20-%20Donn%C3%A9es/covers/20180701.jpg;2018;2018: #B87D52;
28;09/01/2014;Joan Smalls;#B77156;0.527818627;B77156;183;113;86;0;20140901;https://raw.githubusercontent.com/amalenkr/Data-storytelling/main/2%20-%20Donn%C3%A9es/covers/20140901.jpg;2014;2014: #B77156;
29;08/01/2011;Sarah Jessica Parker;#AF815F;0.529411765;AF815F;175;129;95;5;20110801;https://raw.githubusercontent.com/amalenkr/Data-storytelling/main/2%20-%20Donn%C3%A9es/covers/20110801.jpg;2011;2011: #AF815F;
30;08/01/2016;Gigi Hadid;#BC7353;0.533115468;BC7353;188;115;83;0;20160801;https://raw.githubusercontent.com/amalenkr/Data-storytelling/main/2%20-%20Donn%C3%A9es/covers/20160801.jpg;2016;2016: #BC7353;
31;10/01/2002;Christy Turlington;#A57F6A;0.5339366520000001;A57F6A;165;127;106;5;20021001;https://raw.githubusercontent.com/amalenkr/Data-storytelling/main/2%20-%20Donn%C3%A9es/covers/20021001.jpg;2002;2002: #A57F6A;
32;05/01/2005;Liya Kebede;#B17E62;0.540056022;B17E62;177;126;98;5;20050501;https://raw.githubusercontent.com/amalenkr/Data-storytelling/main/2%20-%20Donn%C3%A9es/covers/20050501.jpg;2005;2005: #B17E62;
33;08/01/2003;Sarah Jessica Parker;#B08466;0.5470588239999999;B08466;176;132;102;5;20030801;https://raw.githubusercontent.com/amalenkr/Data-storytelling/main/2%20-%20Donn%C3%A9es/covers/20030801.jpg;2003;2003: #B08466;
34;01/01/2003;Sandra Bullock;#B08067;0.548627451;B08067;176;128;103;5;20030101;https://raw.githubusercontent.com/amalenkr/Data-storytelling/main/2%20-%20Donn%C3%A9es/covers/20030101.jpg;2003;2003: #B08067;
35;03/01/2017;Kendall Jenner;#C87450;0.55;C87450;200;116;80;0;20170301;https://raw.githubusercontent.com/amalenkr/Data-storytelling/main/2%20-%20Donn%C3%A9es/covers/20170301.jpg;2017;2017: #C87450;
36;12/01/2007;Penelope Cruz;#AE866B;0.551693405;AE866B;174;134;107;5;20071201;https://raw.githubusercontent.com/amalenkr/Data-storytelling/main/2%20-%20Donn%C3%A9es/covers/20071201.jpg;2007;2007: #AE866B;
37;04/01/2003;Brooke Shields;#B18A67;0.552249135;B18A67;177;138;103;5;20030401;https://raw.githubusercontent.com/amalenkr/Data-storytelling/main/2%20-%20Donn%C3%A9es/covers/20030401.jpg;2003;2003: #B18A67;
38;01/01/2017;Ruth Negga;#B88162;0.553594771;B88162;184;129;98;5;20170101;https://raw.githubusercontent.com/amalenkr/Data-storytelling/main/2%20-%20Donn%C3%A9es/covers/20170101.jpg;2017;2017: #B88162;
39;11/01/2009;Penelope Cruz;#B59165;0.554117647;B59165;181;145;101;5;20091101;https://raw.githubusercontent.com/amalenkr/Data-storytelling/main/2%20-%20Donn%C3%A9es/covers/20091101.jpg;2009;2009: #B59165;
40;03/01/2017;Ashley Graham;#D0724A;0.5546568629999999;D0724A;208;114;74;0;20170301;https://raw.githubusercontent.com/amalenkr/Data-storytelling/main/2%20-%20Donn%C3%A9es/covers/20170301.jpg;2017;2017: #D0724A;
41;11/01/2009;Kate Hudson;#B49268;0.5580392160000001;B49268;180;146;104;5;20091101;https://raw.githubusercontent.com/amalenkr/Data-storytelling/main/2%20-%20Donn%C3%A9es/covers/20091101.jpg;2009;2009: #B49268;
42;01/01/2001;Marion Jones;#C77955;0.558371041;C77955;199;121;85;0;20010101;https://raw.githubusercontent.com/amalenkr/Data-storytelling/main/2%20-%20Donn%C3%A9es/covers/20010101.jpg;2001;2001: #C77955;
43;03/01/2017;Liu Wen;#C87955;0.560980392;C87955;200;121;85;0;20170301;https://raw.githubusercontent.com/amalenkr/Data-storytelling/main/2%20-%20Donn%C3%A9es/covers/20170301.jpg;2017;2017: #C87955;
44;11/01/2009;Marion Cotillard;#B1946D;0.5627450979999999;B1946D;177;148;109;5;20091101;https://raw.githubusercontent.com/amalenkr/Data-storytelling/main/2%20-%20Donn%C3%A9es/covers/20091101.jpg;2009;2009: #B1946D;
45;03/01/2004;Angelina Jolie;#B87B67;0.565418895;B87B67;184;123;103;5;20040301;https://raw.githubusercontent.com/amalenkr/Data-storytelling/main/2%20-%20Donn%C3%A9es/covers/20040301.jpg;2004;2004: #B87B67;
46;10/01/2000;Charlize Theron;#BD7B63;0.567201426;BD7B63;189;123;99;5;20001001;https://raw.githubusercontent.com/amalenkr/Data-storytelling/main/2%20-%20Donn%C3%A9es/covers/20001001.jpg;2000;2000: #BD7B63;
47;07/01/2010;Marion Cotillard;#BF7C62;0.567647059;BF7C62;191;124;98;5;20100701;https://raw.githubusercontent.com/amalenkr/Data-storytelling/main/2%20-%20Donn%C3%A9es/covers/20100701.jpg;2010;2010: #BF7C62;
48;01/01/2004;Jennifer Aniston;#C28361;0.57224736;C28361;194;131;97;5;20040101;https://raw.githubusercontent.com/amalenkr/Data-storytelling/main/2%20-%20Donn%C3%A9es/covers/20040101.jpg;2004;2004: #C28361;
49;04/01/2004;Gwen Stefani;#B5826E;0.573333333;B5826E;181;130;110;5;20040401;https://raw.githubusercontent.com/amalenkr/Data-storytelling/main/2%20-%20Donn%C3%A9es/covers/20040401.jpg;2004;2004: #B5826E;
50;10/01/2006;Sandra Bullock;#BB8B6D;0.580784314;BB8B6D;187;139;109;5;20061001;https://raw.githubusercontent.com/amalenkr/Data-storytelling/main/2%20-%20Donn%C3%A9es/covers/20061001.jpg;2006;2006: #BB8B6D;
51;03/01/2000;Amber Valletta;#BF9368;0.580926916;BF9368;191;147;104;6;20000301;https://raw.githubusercontent.com/amalenkr/Data-storytelling/main/2%20-%20Donn%C3%A9es/covers/20000301.jpg;2000;2000: #BF9368;
52;06/01/2005;Salma Hayek;#BB8A6F;0.58583878;BB8A6F;187;138;111;5;20050601;https://raw.githubusercontent.com/amalenkr/Data-storytelling/main/2%20-%20Donn%C3%A9es/covers/20050601.jpg;2005;2005: #BB8A6F;
53;11/01/2009;Nicole Kidman;#B99A71;0.5859477120000001;B99A71;185;154;113;5;20091101;https://raw.githubusercontent.com/amalenkr/Data-storytelling/main/2%20-%20Donn%C3%A9es/covers/20091101.jpg;2009;2009: #B99A71;
54;08/01/2017;Gigi Hadid;#CC865F;0.586631016;CC865F;204;134;95;6;20170801;https://raw.githubusercontent.com/amalenkr/Data-storytelling/main/2%20-%20Donn%C3%A9es/covers/20170801.jpg;2017;2017: #CC865F;
55;03/01/2002;Gwyneth Paltrow;#C58A66;0.5872549020000001;C58A66;197;138;102;6;20020301;https://raw.githubusercontent.com/amalenkr/Data-storytelling/main/2%20-%20Donn%C3%A9es/covers/20020301.jpg;2002;2002: #C58A66;
56;04/01/2007;Scarlett Johansson;#AD9280;0.591503268;AD9280;173;146;128;5;20070401;https://raw.githubusercontent.com/amalenkr/Data-storytelling/main/2%20-%20Donn%C3%A9es/covers/20070401.jpg;2007;2007: #AD9280;
57;03/01/2017;Gigi Hadid;#D3815A;0.5929411760000001;D3815A;211;129;90;6;20170301;https://raw.githubusercontent.com/amalenkr/Data-storytelling/main/2%20-%20Donn%C3%A9es/covers/20170301.jpg;2017;2017: #D3815A;
58;05/01/2007;Lily Donaldson;#BD8F70;0.593333333;BD8F70;189;143;112;5;20070501;https://raw.githubusercontent.com/amalenkr/Data-storytelling/main/2%20-%20Donn%C3%A9es/covers/20070501.jpg;2007;2007: #BD8F70;
59;02/01/2003;Debra Messing;#C09070;0.597385621;C09070;192;144;112;6;20030201;https://raw.githubusercontent.com/amalenkr/Data-storytelling/main/2%20-%20Donn%C3%A9es/covers/20030201.jpg;2003;2003: #C09070;
60;07/01/2017;Zendaya;#C6876A;0.598039216;C6876A;198;135;106;6;20170701;https://raw.githubusercontent.com/amalenkr/Data-storytelling/main/2%20-%20Donn%C3%A9es/covers/20170701.jpg;2017;2017: #C6876A;
61;10/01/2001;Carolyn Murphy;#BF8873;0.601960784;BF8873;191;136;115;5;20011001;https://raw.githubusercontent.com/amalenkr/Data-storytelling/main/2%20-%20Donn%C3%A9es/covers/20011001.jpg;2001;2001: #BF8873;
62;05/01/2001;Carmen Kass;#CB8B67;0.602058824;CB8B67;203;139;103;6;20010501;https://raw.githubusercontent.com/amalenkr/Data-storytelling/main/2%20-%20Donn%C3%A9es/covers/20010501.jpg;2001;2001: #CB8B67;
63;06/01/2006;Uma Thurman;#CF9B64;0.602111614;CF9B64;207;155;100;6;20060601;https://raw.githubusercontent.com/amalenkr/Data-storytelling/main/2%20-%20Donn%C3%A9es/covers/20060601.jpg;2006;2006: #CF9B64;
64;05/01/2003;Cameron Diaz;#AE9284;0.602696078;AE9284;174;146;132;8;20030501;https://raw.githubusercontent.com/amalenkr/Data-storytelling/main/2%20-%20Donn%C3%A9es/covers/20030501.jpg;2003;2003: #AE9284;
65;06/01/2011;Penelope Cruz;#C58C6F;0.604656863;C58C6F;197;140;111;6;20110601;https://raw.githubusercontent.com/amalenkr/Data-storytelling/main/2%20-%20Donn%C3%A9es/covers/20110601.jpg;2011;2011: #C58C6F;
66;03/01/2010;Tina Fey;#D09466;0.609150327;D09466;208;148;102;6;20100301;https://raw.githubusercontent.com/amalenkr/Data-storytelling/main/2%20-%20Donn%C3%A9es/covers/20100301.jpg;2010;2010: #D09466;
67;05/01/2007;Caroline Trentini;#C29774;0.6096078429999999;C29774;194;151;116;2;20070501;https://raw.githubusercontent.com/amalenkr/Data-storytelling/main/2%20-%20Donn%C3%A9es/covers/20070501.jpg;2007;2007: #C29774;
68;12/01/2010;Angelina Jolie;#B39684;0.610784314;B39684;179;150;132;8;20101201;https://raw.githubusercontent.com/amalenkr/Data-storytelling/main/2%20-%20Donn%C3%A9es/covers/20101201.jpg;2010;2010: #B39684;
69;06/01/2007;Keira Knightley;#C89770;0.613507625;C89770;200;151;112;6;20070601;https://raw.githubusercontent.com/amalenkr/Data-storytelling/main/2%20-%20Donn%C3%A9es/covers/20070601.jpg;2007;2007: #C89770;
70;03/01/2013;Beyonce;#CA8870;0.61752451;CA8870;202;136;112;6;20130301;https://raw.githubusercontent.com/amalenkr/Data-storytelling/main/2%20-%20Donn%C3%A9es/covers/20130301.jpg;2013;2013: #CA8870;
71;10/01/2003;Gwyneth Paltrow;#CB956F;0.6176470589999999;CB956F;203;149;111;6;20031001;https://raw.githubusercontent.com/amalenkr/Data-storytelling/main/2%20-%20Donn%C3%A9es/covers/20031001.jpg;2003;2003: #CB956F;
72;02/01/2007;Renee Zellweger;#BC9E7F;0.618954248;BC9E7F;188;158;127;8;20070201;https://raw.githubusercontent.com/amalenkr/Data-storytelling/main/2%20-%20Donn%C3%A9es/covers/20070201.jpg;2007;2007: #BC9E7F;
73;02/01/2002;Sarah Jessica Parker;#C59876;0.62120098;C59876;197;152;118;2;20020201;https://raw.githubusercontent.com/amalenkr/Data-storytelling/main/2%20-%20Donn%C3%A9es/covers/20020201.jpg;2002;2002: #C59876;
74;03/01/2017;Vittoria Ceretti;#DB8861;0.621746881;DB8861;219;136;97;6;20170301;https://raw.githubusercontent.com/amalenkr/Data-storytelling/main/2%20-%20Donn%C3%A9es/covers/20170301.jpg;2017;2017: #DB8861;
75;04/01/2012;Jennifer Lopez;#C39C7A;0.622689076;C39C7A;195;156;122;2;20120401;https://raw.githubusercontent.com/amalenkr/Data-storytelling/main/2%20-%20Donn%C3%A9es/covers/20120401.jpg;2012;2012: #C39C7A;
76;04/01/2017;Selena Gomez;#CE966F;0.623227753;CE966F;206;150;111;6;20170401;https://raw.githubusercontent.com/amalenkr/Data-storytelling/main/2%20-%20Donn%C3%A9es/covers/20170401.jpg;2017;2017: #CE966F;
77;10/01/2014;Reese Witherspoon;#DD8162;0.62627451;DD8162;221;129;98;6;20141001;https://raw.githubusercontent.com/amalenkr/Data-storytelling/main/2%20-%20Donn%C3%A9es/covers/20141001.jpg;2014;2014: #DD8162;
78;09/01/2015;Beyonce;#BB9085;0.628571429;BB9085;187;144;133;8;20150901;https://raw.githubusercontent.com/amalenkr/Data-storytelling/main/2%20-%20Donn%C3%A9es/covers/20150901.jpg;2015;2015: #BB9085;
79;06/01/2008;Sarah Jessica Parker;#BBA186;0.630882353;BBA186;187;161;134;8;20080601;https://raw.githubusercontent.com/amalenkr/Data-storytelling/main/2%20-%20Donn%C3%A9es/covers/20080601.jpg;2008;2008: #BBA186;
80;05/01/2007;Hilary Rhoda;#C3967E;0.6309523810000001;C3967E;195;150;126;2;20070501;https://raw.githubusercontent.com/amalenkr/Data-storytelling/main/2%20-%20Donn%C3%A9es/covers/20070501.jpg;2007;2007: #C3967E;
81;06/01/2003;Reese Witherspoon;#B49B8D;0.631045752;B49B8D;180;155;141;8;20030601;https://raw.githubusercontent.com/amalenkr/Data-storytelling/main/2%20-%20Donn%C3%A9es/covers/20030601.jpg;2003;2003: #B49B8D;
82;05/01/2009;Natalia Vodianova;#D3A46E;0.631808279;D3A46E;211;164;110;2;20090501;https://raw.githubusercontent.com/amalenkr/Data-storytelling/main/2%20-%20Donn%C3%A9es/covers/20090501.jpg;2009;2009: #D3A46E;
83;08/01/2018;Saoirse Ronan;#CAA378;0.634238311;CAA378;202;163;120;2;20180801;https://raw.githubusercontent.com/amalenkr/Data-storytelling/main/2%20-%20Donn%C3%A9es/covers/20180801.jpg;2018;2018: #CAA378;
84;08/01/2002;Jennifer Aniston;#CD9476;0.634436275;CD9476;205;148;118;2;20020801;https://raw.githubusercontent.com/amalenkr/Data-storytelling/main/2%20-%20Donn%C3%A9es/covers/20020801.jpg;2002;2002: #CD9476;
85;08/01/2009;Christy Turlington;#B89C8B;0.634992459;B89C8B;184;156;139;8;20090801;https://raw.githubusercontent.com/amalenkr/Data-storytelling/main/2%20-%20Donn%C3%A9es/covers/20090801.jpg;2009;2009: #B89C8B;
86;01/01/2008;Kate Hudson;#CB9978;0.6356506239999999;CB9978;203;153;120;2;20080101;https://raw.githubusercontent.com/amalenkr/Data-storytelling/main/2%20-%20Donn%C3%A9es/covers/20080101.jpg;2008;2008: #CB9978;
87;09/01/2014;Karlie Kloss;#D39071;0.635947712;D39071;211;144;113;6;20140901;https://raw.githubusercontent.com/amalenkr/Data-storytelling/main/2%20-%20Donn%C3%A9es/covers/20140901.jpg;2014;2014: #D39071;
88;06/01/2016;Margot Robbie;#D29F72;0.635947712;D29F72;210;159;114;2;20160601;https://raw.githubusercontent.com/amalenkr/Data-storytelling/main/2%20-%20Donn%C3%A9es/covers/20160601.jpg;2016;2016: #D29F72;
89;05/01/2007;Doutzen Kroes;#C79A7D;0.63627451;C79A7D;199;154;125;2;20070501;https://raw.githubusercontent.com/amalenkr/Data-storytelling/main/2%20-%20Donn%C3%A9es/covers/20070501.jpg;2007;2007: #C79A7D;
90;12/01/2015;Jennifer Lawrence;#D39C71;0.636953243;D39C71;211;156;113;2;20151201;https://raw.githubusercontent.com/amalenkr/Data-storytelling/main/2%20-%20Donn%C3%A9es/covers/20151201.jpg;2015;2015: #D39C71;
91;12/01/2009;Cate Blanchett;#BB9E89;0.637535014;BB9E89;187;158;137;8;20091201;https://raw.githubusercontent.com/amalenkr/Data-storytelling/main/2%20-%20Donn%C3%A9es/covers/20091201.jpg;2009;2009: #BB9E89;
92;11/01/2000;Carmen Kass;#D2A373;0.638779956;D2A373;210;163;115;2;20001101;https://raw.githubusercontent.com/amalenkr/Data-storytelling/main/2%20-%20Donn%C3%A9es/covers/20001101.jpg;2000;2000: #D2A373;
93;05/01/2007;Sasha Pivovarova;#C99C7C;0.639433551;C99C7C;201;156;124;2;20070501;https://raw.githubusercontent.com/amalenkr/Data-storytelling/main/2%20-%20Donn%C3%A9es/covers/20070501.jpg;2007;2007: #C99C7C;
94;04/01/2010;Gisele Bundchen;#D59C71;0.640196078;D59C71;213;156;113;2;20100401;https://raw.githubusercontent.com/amalenkr/Data-storytelling/main/2%20-%20Donn%C3%A9es/covers/20100401.jpg;2010;2010: #D59C71;
95;03/01/2008;Drew Barrymore;#C89A7E;0.641736695;C89A7E;200;154;126;2;20080301;https://raw.githubusercontent.com/amalenkr/Data-storytelling/main/2%20-%20Donn%C3%A9es/covers/20080301.jpg;2008;2008: #C89A7E;
96;09/01/2010;Halle Berry;#D19D75;0.64245098;D19D75;209;157;117;2;20100901;https://raw.githubusercontent.com/amalenkr/Data-storytelling/main/2%20-%20Donn%C3%A9es/covers/20100901.jpg;2010;2010: #D19D75;
97;08/01/2014;Blake Lively;#CF9B79;0.643697479;CF9B79;207;155;121;2;20140801;https://raw.githubusercontent.com/amalenkr/Data-storytelling/main/2%20-%20Donn%C3%A9es/covers/20140801.jpg;2014;2014: #CF9B79;
98;09/01/2001;Linda Evangelista;#C89980;0.643837535;C89980;200;153;128;2;20010901;https://raw.githubusercontent.com/amalenkr/Data-storytelling/main/2%20-%20Donn%C3%A9es/covers/20010901.jpg;2001;2001: #C89980;
99;07/01/2003;Demi Moore;#C39E86;0.645490196;C39E86;195;158;134;8;20030701;https://raw.githubusercontent.com/amalenkr/Data-storytelling/main/2%20-%20Donn%C3%A9es/covers/20030701.jpg;2003;2003: #C39E86;
100;03/01/2001;Penelope Cruz;#DF8E69;0.645882353;DF8E69;223;142;105;6;20010301;https://raw.githubusercontent.com/amalenkr/Data-storytelling/main/2%20-%20Donn%C3%A9es/covers/20010301.jpg;2001;2001: #DF8E69;
101;03/01/2015;Karlie Kloss;#DB8D6E;0.646928105;DB8D6E;219;141;110;6;20150301;https://raw.githubusercontent.com/amalenkr/Data-storytelling/main/2%20-%20Donn%C3%A9es/covers/20150301.jpg;2015;2015: #DB8D6E;
102;09/01/2014;Edie Campbell;#D29277;0.647303922;D29277;210;146;119;2;20140901;https://raw.githubusercontent.com/amalenkr/Data-storytelling/main/2%20-%20Donn%C3%A9es/covers/20140901.jpg;2014;2014: #D29277;
103;02/01/2001;Karolina Kurkova;#C79B83;0.647511312;C79B83;199;155;131;2;20010201;https://raw.githubusercontent.com/amalenkr/Data-storytelling/main/2%20-%20Donn%C3%A9es/covers/20010201.jpg;2001;2001: #C79B83;
104;10/01/2017;Rooney Mara;#C39987;0.648039216;C39987;195;153;135;8;20171001;https://raw.githubusercontent.com/amalenkr/Data-storytelling/main/2%20-%20Donn%C3%A9es/covers/20171001.jpg;2017;2017: #C39987;
105;09/01/2014;Andreea Diaconu;#D49476;0.649542484;D49476;212;148;118;2;20140901;https://raw.githubusercontent.com/amalenkr/Data-storytelling/main/2%20-%20Donn%C3%A9es/covers/20140901.jpg;2014;2014: #D49476;
106;09/01/2014;Arizona Muse;#D59376;0.650544662;D59376;213;147;118;2;20140901;https://raw.githubusercontent.com/amalenkr/Data-storytelling/main/2%20-%20Donn%C3%A9es/covers/20140901.jpg;2014;2014: #D59376;
107;01/01/2009;Anne Hathaway;#DEA36D;0.650980392;DEA36D;222;163;109;2;20090101;https://raw.githubusercontent.com/amalenkr/Data-storytelling/main/2%20-%20Donn%C3%A9es/covers/20090101.jpg;2009;2009: #DEA36D;
108;03/01/2015;Taylor Swift;#DD8F6E;0.651198257;DD8F6E;221;143;110;6;20150301;https://raw.githubusercontent.com/amalenkr/Data-storytelling/main/2%20-%20Donn%C3%A9es/covers/20150301.jpg;2015;2015: #DD8F6E;
109;03/01/2005;Sandra Bullock;#D7A274;0.651372549;D7A274;215;162;116;2;20050301;https://raw.githubusercontent.com/amalenkr/Data-storytelling/main/2%20-%20Donn%C3%A9es/covers/20050301.jpg;2005;2005: #D7A274;
110;05/01/2000;Gisele Bundchen;#CC8F7F;0.6516339870000001;CC8F7F;204;143;127;2;20000501;https://raw.githubusercontent.com/amalenkr/Data-storytelling/main/2%20-%20Donn%C3%A9es/covers/20000501.jpg;2000;2000: #CC8F7F;
111;11/01/2006;Cate Blanchett;#B5A597;0.652337858;B5A597;181;165;151;8;20061101;https://raw.githubusercontent.com/amalenkr/Data-storytelling/main/2%20-%20Donn%C3%A9es/covers/20061101.jpg;2006;2006: #B5A597;
112;10/01/2007;Charlize Theron;#CDA37F;0.652941176;CDA37F;205;163;127;2;20071001;https://raw.githubusercontent.com/amalenkr/Data-storytelling/main/2%20-%20Donn%C3%A9es/covers/20071001.jpg;2007;2007: #CDA37F;
113;08/01/2000;Carmen Kass;#CA9683;0.653846154;CA9683;202;150;131;2;20000801;https://raw.githubusercontent.com/amalenkr/Data-storytelling/main/2%20-%20Donn%C3%A9es/covers/20000801.jpg;2000;2000: #CA9683;
114;08/01/2006;Linda Evangelista;#CC9B82;0.655882353;CC9B82;204;155;130;2;20060801;https://raw.githubusercontent.com/amalenkr/Data-storytelling/main/2%20-%20Donn%C3%A9es/covers/20060801.jpg;2006;2006: #CC9B82;
115;05/01/2009;Anna Jagodzinska;#D5AA7A;0.658431373;D5AA7A;213;170;122;2;20090501;https://raw.githubusercontent.com/amalenkr/Data-storytelling/main/2%20-%20Donn%C3%A9es/covers/20090501.jpg;2009;2009: #D5AA7A;
116;06/01/2012;Hope Solo;#CDA182;0.659869281;CDA182;205;161;130;2;20120601;https://raw.githubusercontent.com/amalenkr/Data-storytelling/main/2%20-%20Donn%C3%A9es/covers/20120601.jpg;2012;2012: #CDA182;
117;09/01/2014;Fei Fei Sun;#D6967A;0.659912854;D6967A;214;150;122;2;20140901;https://raw.githubusercontent.com/amalenkr/Data-storytelling/main/2%20-%20Donn%C3%A9es/covers/20140901.jpg;2014;2014: #D6967A;
118;11/01/2000;Maggie Rizer;#D3A87D;0.66;D3A87D;211;168;125;2;20001101;https://raw.githubusercontent.com/amalenkr/Data-storytelling/main/2%20-%20Donn%C3%A9es/covers/20001101.jpg;2000;2000: #D3A87D;
119;05/01/2002;Natalie Portman;#C99C86;0.660249554;C99C86;201;156;134;8;20020501;https://raw.githubusercontent.com/amalenkr/Data-storytelling/main/2%20-%20Donn%C3%A9es/covers/20020501.jpg;2002;2002: #C99C86;
120;06/01/2010;Blake Lively;#D5A27C;0.66372549;D5A27C;213;162;124;2;20100601;https://raw.githubusercontent.com/amalenkr/Data-storytelling/main/2%20-%20Donn%C3%A9es/covers/20100601.jpg;2010;2010: #D5A27C;
121;06/01/2015;Amanda Seyfried;#D59B7C;0.66379085;D59B7C;213;155;124;2;20150601;https://raw.githubusercontent.com/amalenkr/Data-storytelling/main/2%20-%20Donn%C3%A9es/covers/20150601.jpg;2015;2015: #D59B7C;
122;12/01/2003;Renee Zellweger;#C1A691;0.663970588;C1A691;193;166;145;8;20031201;https://raw.githubusercontent.com/amalenkr/Data-storytelling/main/2%20-%20Donn%C3%A9es/covers/20031201.jpg;2003;2003: #C1A691;
123;04/01/2000;Carolyn Murphy;#DF9D73;0.664349376;DF9D73;223;157;115;2;20000401;https://raw.githubusercontent.com/amalenkr/Data-storytelling/main/2%20-%20Donn%C3%A9es/covers/20000401.jpg;2000;2000: #DF9D73;
124;09/01/2017;Jennifer Lawrence;#C19992;0.665953654;C19992;193;153;146;8;20170901;https://raw.githubusercontent.com/amalenkr/Data-storytelling/main/2%20-%20Donn%C3%A9es/covers/20170901.jpg;2017;2017: #C19992;
125;09/01/2009;Charlize Theron;#DDAE77;0.667119155;DDAE77;221;174;119;9;20090901;https://raw.githubusercontent.com/amalenkr/Data-storytelling/main/2%20-%20Donn%C3%A9es/covers/20090901.jpg;2009;2009: #DDAE77;
126;01/01/2000;Carmen Kass;#CE9A86;0.6678104579999999;CE9A86;206;154;134;2;20000101;https://raw.githubusercontent.com/amalenkr/Data-storytelling/main/2%20-%20Donn%C3%A9es/covers/20000101.jpg;2000;2000: #CE9A86;
127;06/01/2000;Gisele Bundchen;#D39C81;0.668627451;D39C81;211;156;129;2;20000601;https://raw.githubusercontent.com/amalenkr/Data-storytelling/main/2%20-%20Donn%C3%A9es/covers/20000601.jpg;2000;2000: #D39C81;
128;03/01/2014;Rihanna;#CC9789;0.6707516339999999;CC9789;204;151;137;8;20140301;https://raw.githubusercontent.com/amalenkr/Data-storytelling/main/2%20-%20Donn%C3%A9es/covers/20140301.jpg;2014;2014: #CC9789;
129;09/01/2006;Kirsten Dunst;#BEA398;0.6711484590000001;BEA398;190;163;152;8;20060901;https://raw.githubusercontent.com/amalenkr/Data-storytelling/main/2%20-%20Donn%C3%A9es/covers/20060901.jpg;2006;2006: #BEA398;
130;01/01/2000;Gisele Bundchen;#D19985;0.672829132;D19985;209;153;133;2;20000101;https://raw.githubusercontent.com/amalenkr/Data-storytelling/main/2%20-%20Donn%C3%A9es/covers/20000101.jpg;2000;2000: #D19985;
131;05/01/2010;Sarah Jessica Parker;#D7A87F;0.672905526;D7A87F;215;168;127;2;20100501;https://raw.githubusercontent.com/amalenkr/Data-storytelling/main/2%20-%20Donn%C3%A9es/covers/20100501.jpg;2010;2010: #D7A87F;
132;05/01/2004;Nicole Kidman;#D0A486;0.673262032;D0A486;208;164;134;2;20040501;https://raw.githubusercontent.com/amalenkr/Data-storytelling/main/2%20-%20Donn%C3%A9es/covers/20040501.jpg;2004;2004: #D0A486;
133;01/01/2002;Julianne Moore;#CF9C87;0.6736694679999999;CF9C87;207;156;135;2;20020101;https://raw.githubusercontent.com/amalenkr/Data-storytelling/main/2%20-%20Donn%C3%A9es/covers/20020101.jpg;2002;2002: #CF9C87;
134;10/01/2008;Rachel Weisz;#C8A38F;0.6736694679999999;C8A38F;200;163;143;8;20081001;https://raw.githubusercontent.com/amalenkr/Data-storytelling/main/2%20-%20Donn%C3%A9es/covers/20081001.jpg;2008;2008: #C8A38F;
135;02/01/2004;Natalie Portman;#D0A187;0.6742919390000001;D0A187;208;161;135;2;20040201;https://raw.githubusercontent.com/amalenkr/Data-storytelling/main/2%20-%20Donn%C3%A9es/covers/20040201.jpg;2004;2004: #D0A187;
136;09/01/2014;Vanessa Axente;#DB997C;0.674379085;DB997C;219;153;124;2;20140901;https://raw.githubusercontent.com/amalenkr/Data-storytelling/main/2%20-%20Donn%C3%A9es/covers/20140901.jpg;2014;2014: #DB997C;
137;09/01/2011;Kate Moss;#CCA58B;0.674509804;CCA58B;204;165;139;8;20110901;https://raw.githubusercontent.com/amalenkr/Data-storytelling/main/2%20-%20Donn%C3%A9es/covers/20110901.jpg;2011;2011: #CCA58B;
138;09/01/2008;Keira Knightley;#BEA699;0.674673203;BEA699;190;166;153;8;20080901;https://raw.githubusercontent.com/amalenkr/Data-storytelling/main/2%20-%20Donn%C3%A9es/covers/20080901.jpg;2008;2008: #BEA699;
139;09/01/2003;Nicole Kidman;#C9A48F;0.675653595;C9A48F;201;164;143;8;20030901;https://raw.githubusercontent.com/amalenkr/Data-storytelling/main/2%20-%20Donn%C3%A9es/covers/20030901.jpg;2003;2003: #C9A48F;
140;08/01/2005;Madonna;#CBA78D;0.675980392;CBA78D;203;167;141;8;20050801;https://raw.githubusercontent.com/amalenkr/Data-storytelling/main/2%20-%20Donn%C3%A9es/covers/20050801.jpg;2005;2005: #CBA78D;
141;01/01/2006;Sienna Miller;#CDAA8B;0.676078431;CDAA8B;205;170;139;8;20060101;https://raw.githubusercontent.com/amalenkr/Data-storytelling/main/2%20-%20Donn%C3%A9es/covers/20060101.jpg;2006;2006: #CDAA8B;
142;02/01/2006;Drew Barrymore;#DAA97E;0.676838235;DAA97E;218;169;126;9;20060201;https://raw.githubusercontent.com/amalenkr/Data-storytelling/main/2%20-%20Donn%C3%A9es/covers/20060201.jpg;2006;2006: #DAA97E;
143;09/01/2014;Cara Delevingne;#DA9C7F;0.6776470590000001;DA9C7F;218;156;127;2;20140901;https://raw.githubusercontent.com/amalenkr/Data-storytelling/main/2%20-%20Donn%C3%A9es/covers/20140901.jpg;2014;2014: #DA9C7F;
144;06/01/2004;Kate Hudson;#D4AA85;0.678169935;D4AA85;212;170;133;9;20040601;https://raw.githubusercontent.com/amalenkr/Data-storytelling/main/2%20-%20Donn%C3%A9es/covers/20040601.jpg;2004;2004: #D4AA85;
145;12/01/2006;Nicole Kidman;#C5AD94;0.6792156859999999;C5AD94;197;173;148;8;20061201;https://raw.githubusercontent.com/amalenkr/Data-storytelling/main/2%20-%20Donn%C3%A9es/covers/20061201.jpg;2006;2006: #C5AD94;
146;09/01/2007;Sienna Miller;#CDA28D;0.679738562;CDA28D;205;162;141;8;20070901;https://raw.githubusercontent.com/amalenkr/Data-storytelling/main/2%20-%20Donn%C3%A9es/covers/20070901.jpg;2007;2007: #CDA28D;
147;06/01/2001;Gisele Bundchen;#CF9B8B;0.6797888390000001;CF9B8B;207;155;139;8;20010601;https://raw.githubusercontent.com/amalenkr/Data-storytelling/main/2%20-%20Donn%C3%A9es/covers/20010601.jpg;2001;2001: #CF9B8B;
148;04/01/2011;Rihanna;#D6A185;0.680882353;D6A185;214;161;133;2;20110401;https://raw.githubusercontent.com/amalenkr/Data-storytelling/main/2%20-%20Donn%C3%A9es/covers/20110401.jpg;2011;2011: #D6A185;
149;04/01/2006;Jennifer Aniston;#DFB07B;0.6813725490000001;DFB07B;223;176;123;9;20060401;https://raw.githubusercontent.com/amalenkr/Data-storytelling/main/2%20-%20Donn%C3%A9es/covers/20060401.jpg;2006;2006: #DFB07B;
150;12/01/2018;Emily Blunt;#D99C82;0.68177624;D99C82;217;156;130;2;20181201;https://raw.githubusercontent.com/amalenkr/Data-storytelling/main/2%20-%20Donn%C3%A9es/covers/20181201.jpg;2018;2018: #D99C82;
151;12/01/2004;Cate Blanchett;#BDAC9E;0.6825037709999999;BDAC9E;189;172;158;8;20041201;https://raw.githubusercontent.com/amalenkr/Data-storytelling/main/2%20-%20Donn%C3%A9es/covers/20041201.jpg;2004;2004: #BDAC9E;
152;08/01/2001;Amber Valletta;#C9A594;0.684313725;C9A594;201;165;148;8;20010801;https://raw.githubusercontent.com/amalenkr/Data-storytelling/main/2%20-%20Donn%C3%A9es/covers/20010801.jpg;2001;2001: #C9A594;
153;07/01/2009;Sienna Miller;#DBA981;0.68496732;DBA981;219;169;129;9;20090701;https://raw.githubusercontent.com/amalenkr/Data-storytelling/main/2%20-%20Donn%C3%A9es/covers/20090701.jpg;2009;2009: #DBA981;
154;11/01/2005;Reese Witherspoon;#CCA790;0.68540305;CCA790;204;167;144;8;20051101;https://raw.githubusercontent.com/amalenkr/Data-storytelling/main/2%20-%20Donn%C3%A9es/covers/20051101.jpg;2005;2005: #CCA790;
155;02/01/2010;Jessica Biel;#D1A48C;0.68627451;D1A48C;209;164;140;8;20100201;https://raw.githubusercontent.com/amalenkr/Data-storytelling/main/2%20-%20Donn%C3%A9es/covers/20100201.jpg;2010;2010: #D1A48C;
156;08/01/2012;Marion Cotillard;#CDAC91;0.687843137;CDAC91;205;172;145;8;20120801;https://raw.githubusercontent.com/amalenkr/Data-storytelling/main/2%20-%20Donn%C3%A9es/covers/20120801.jpg;2012;2012: #CDAC91;
157;06/01/2013;Kate Upton;#DDA681;0.688235294;DDA681;221;166;129;9;20130601;https://raw.githubusercontent.com/amalenkr/Data-storytelling/main/2%20-%20Donn%C3%A9es/covers/20130601.jpg;2013;2013: #DDA681;
158;02/01/2000;Angela Lindvall;#CA9C94;0.688480392;CA9C94;202;156;148;8;20000201;https://raw.githubusercontent.com/amalenkr/Data-storytelling/main/2%20-%20Donn%C3%A9es/covers/20000201.jpg;2000;2000: #CA9C94;
159;12/01/2001;Gisele Bundchen;#D9AA85;0.6885154059999999;D9AA85;217;170;133;9;20011201;https://raw.githubusercontent.com/amalenkr/Data-storytelling/main/2%20-%20Donn%C3%A9es/covers/20011201.jpg;2001;2001: #D9AA85;
160;10/01/2005;Gwyneth Paltrow;#DCAB82;0.6898039220000001;DCAB82;220;171;130;9;20051001;https://raw.githubusercontent.com/amalenkr/Data-storytelling/main/2%20-%20Donn%C3%A9es/covers/20051001.jpg;2005;2005: #DCAB82;
161;01/01/2005;Jennifer Lopez;#D1A58D;0.6898692809999999;D1A58D;209;165;141;8;20050101;https://raw.githubusercontent.com/amalenkr/Data-storytelling/main/2%20-%20Donn%C3%A9es/covers/20050101.jpg;2005;2005: #D1A58D;
162;11/01/2002;Catherine Zeta-Jones;#CCA493;0.6904575159999999;CCA493;204;164;147;8;20021101;https://raw.githubusercontent.com/amalenkr/Data-storytelling/main/2%20-%20Donn%C3%A9es/covers/20021101.jpg;2002;2002: #CCA493;
163;04/01/2008;Gisele Bundchen;#D6AC8A;0.692156863;D6AC8A;214;172;138;9;20080401;https://raw.githubusercontent.com/amalenkr/Data-storytelling/main/2%20-%20Donn%C3%A9es/covers/20080401.jpg;2008;2008: #D6AC8A;
164;11/01/2017;Daisy Ridley;#D1A38F;0.692156863;D1A38F;209;163;143;8;20171101;https://raw.githubusercontent.com/amalenkr/Data-storytelling/main/2%20-%20Donn%C3%A9es/covers/20171101.jpg;2017;2017: #D1A38F;
165;01/01/2015;Sienna Miller;#DCA484;0.693028322;DCA484;220;164;132;9;20150101;https://raw.githubusercontent.com/amalenkr/Data-storytelling/main/2%20-%20Donn%C3%A9es/covers/20150101.jpg;2015;2015: #DCA484;
166;07/01/2007;Natalia Vodianova;#D1A991;0.696918768;D1A991;209;169;145;8;20070701;https://raw.githubusercontent.com/amalenkr/Data-storytelling/main/2%20-%20Donn%C3%A9es/covers/20070701.jpg;2007;2007: #D1A991;
167;07/01/2004;Kirsten Dunst;#EFBA74;0.697603486;EFBA74;239;186;116;9;20040701;https://raw.githubusercontent.com/amalenkr/Data-storytelling/main/2%20-%20Donn%C3%A9es/covers/20040701.jpg;2004;2004: #EFBA74;
168;07/01/2005;Kate Winslet;#DBAB89;0.700735294;DBAB89;219;171;137;9;20050701;https://raw.githubusercontent.com/amalenkr/Data-storytelling/main/2%20-%20Donn%C3%A9es/covers/20050701.jpg;2005;2005: #DBAB89;
169;05/01/2011;Reese Witherspoon;#D3B192;0.702941176;D3B192;211;177;146;1;20110501;https://raw.githubusercontent.com/amalenkr/Data-storytelling/main/2%20-%20Donn%C3%A9es/covers/20110501.jpg;2011;2011: #D3B192;
170;11/01/2000;Angela Lindvall;#DBAF8B;0.7033868090000001;DBAF8B;219;175;139;9;20001101;https://raw.githubusercontent.com/amalenkr/Data-storytelling/main/2%20-%20Donn%C3%A9es/covers/20001101.jpg;2000;2000: #DBAF8B;
171;11/01/2003;Uma Thurman;#CEB098;0.704313725;CEB098;206;176;152;1;20031101;https://raw.githubusercontent.com/amalenkr/Data-storytelling/main/2%20-%20Donn%C3%A9es/covers/20031101.jpg;2003;2003: #CEB098;
172;01/01/2007;Angelina Jolie;#DCAD8B;0.704357298;DCAD8B;220;173;139;9;20070101;https://raw.githubusercontent.com/amalenkr/Data-storytelling/main/2%20-%20Donn%C3%A9es/covers/20070101.jpg;2007;2007: #DCAD8B;
173;01/01/2011;Natalie Portman;#DBB38C;0.705128205;DBB38C;219;179;140;9;20110101;https://raw.githubusercontent.com/amalenkr/Data-storytelling/main/2%20-%20Donn%C3%A9es/covers/20110101.jpg;2011;2011: #DBB38C;
174;12/01/2005;Keira Knightley;#DBB38D;0.7070588240000001;DBB38D;219;179;141;9;20051201;https://raw.githubusercontent.com/amalenkr/Data-storytelling/main/2%20-%20Donn%C3%A9es/covers/20051201.jpg;2005;2005: #DBB38D;
175;11/01/2001;Britney Spears;#DBAA8E;0.70802139;DBAA8E;219;170;142;9;20011101;https://raw.githubusercontent.com/amalenkr/Data-storytelling/main/2%20-%20Donn%C3%A9es/covers/20011101.jpg;2001;2001: #DBAA8E;
176;08/01/2015;Nicole Kidman;#DBAA8D;0.7081891579999999;DBAA8D;219;170;141;9;20150801;https://raw.githubusercontent.com/amalenkr/Data-storytelling/main/2%20-%20Donn%C3%A9es/covers/20150801.jpg;2015;2015: #DBAA8D;
177;11/01/2000;Frankie Rayder;#DCB08D;0.7107266440000001;DCB08D;220;176;141;9;20001101;https://raw.githubusercontent.com/amalenkr/Data-storytelling/main/2%20-%20Donn%C3%A9es/covers/20001101.jpg;2000;2000: #DCB08D;
178;07/01/2012;Emma Stone;#E5B186;0.712745098;E5B186;229;177;134;9;20120701;https://raw.githubusercontent.com/amalenkr/Data-storytelling/main/2%20-%20Donn%C3%A9es/covers/20120701.jpg;2012;2012: #E5B186;
179;05/01/2006;Keira Knightley;#DFB38C;0.713333333;DFB38C;223;179;140;9;20060501;https://raw.githubusercontent.com/amalenkr/Data-storytelling/main/2%20-%20Donn%C3%A9es/covers/20060501.jpg;2006;2006: #DFB38C;
180;06/01/2017;Elle Fanning;#D2A999;0.7135549870000001;D2A999;210;169;153;1;20170601;https://raw.githubusercontent.com/amalenkr/Data-storytelling/main/2%20-%20Donn%C3%A9es/covers/20170601.jpg;2017;2017: #D2A999;
181;04/01/2001;Renee Zellweger;#DAAD91;0.715196078;DAAD91;218;173;145;9;20010401;https://raw.githubusercontent.com/amalenkr/Data-storytelling/main/2%20-%20Donn%C3%A9es/covers/20010401.jpg;2001;2001: #DAAD91;
182;10/01/2013;Sandra Bullock;#D8A395;0.716666667;D8A395;216;163;149;9;20131001;https://raw.githubusercontent.com/amalenkr/Data-storytelling/main/2%20-%20Donn%C3%A9es/covers/20131001.jpg;2013;2013: #D8A395;
183;07/01/2006;Kate Hudson;#D5B399;0.719215686;D5B399;213;179;153;1;20060701;https://raw.githubusercontent.com/amalenkr/Data-storytelling/main/2%20-%20Donn%C3%A9es/covers/20060701.jpg;2006;2006: #D5B399;
184;07/01/2002;Amber Valletta;#CCAAA2;0.7193277309999999;CCAAA2;204;170;162;1;20020701;https://raw.githubusercontent.com/amalenkr/Data-storytelling/main/2%20-%20Donn%C3%A9es/covers/20020701.jpg;2002;2002: #CCAAA2;
185;12/01/2017;Meryl Streep;#E5B089;0.72;E5B089;229;176;137;9;20171201;https://raw.githubusercontent.com/amalenkr/Data-storytelling/main/2%20-%20Donn%C3%A9es/covers/20171201.jpg;2017;2017: #E5B089;
186;10/01/2004;Charlize Theron;#E7BE88;0.720588235;E7BE88;231;190;136;9;20041001;https://raw.githubusercontent.com/amalenkr/Data-storytelling/main/2%20-%20Donn%C3%A9es/covers/20041001.jpg;2004;2004: #E7BE88;
187;07/01/2000;Cate Blanchett;#D9AE97;0.7220588240000001;D9AE97;217;174;151;1;20000701;https://raw.githubusercontent.com/amalenkr/Data-storytelling/main/2%20-%20Donn%C3%A9es/covers/20000701.jpg;2000;2000: #D9AE97;
188;09/01/2005;Sarah Jessica Parker;#DCB793;0.7221568629999999;DCB793;220;183;147;1;20050901;https://raw.githubusercontent.com/amalenkr/Data-storytelling/main/2%20-%20Donn%C3%A9es/covers/20050901.jpg;2005;2005: #DCB793;
189;05/01/2018;Amal Clooney;#DBAF95;0.72373581;DBAF95;219;175;149;1;20180501;https://raw.githubusercontent.com/amalenkr/Data-storytelling/main/2%20-%20Donn%C3%A9es/covers/20180501.jpg;2018;2018: #DBAF95;
190;01/01/2012;Meryl Streep;#D3B69D;0.723921569;D3B69D;211;182;157;1;20120101;https://raw.githubusercontent.com/amalenkr/Data-storytelling/main/2%20-%20Donn%C3%A9es/covers/20120101.jpg;2012;2012: #D3B69D;
191;05/01/2012;Scarlett Johansson;#D6AB9A;0.724089636;D6AB9A;214;171;154;1;20120501;https://raw.githubusercontent.com/amalenkr/Data-storytelling/main/2%20-%20Donn%C3%A9es/covers/20120501.jpg;2012;2012: #D6AB9A;
192;11/01/2015;Angelina Jolie;#DAA697;0.7243367940000001;DAA697;218;166;151;1;20151101;https://raw.githubusercontent.com/amalenkr/Data-storytelling/main/2%20-%20Donn%C3%A9es/covers/20151101.jpg;2015;2015: #DAA697;
193;08/01/2004;Lisa-Marie Presley;#D2B59F;0.724420677;D2B59F;210;181;159;1;20040801;https://raw.githubusercontent.com/amalenkr/Data-storytelling/main/2%20-%20Donn%C3%A9es/covers/20040801.jpg;2004;2004: #D2B59F;
194;03/01/2006;Natalie Portman;#D6B39B;0.7248934359999999;D6B39B;214;179;155;1;20060301;https://raw.githubusercontent.com/amalenkr/Data-storytelling/main/2%20-%20Donn%C3%A9es/covers/20060301.jpg;2006;2006: #D6B39B;
195;09/01/2016;Kendall Jenner;#E6A08B;0.725816993;E6A08B;230;160;139;9;20160901;https://raw.githubusercontent.com/amalenkr/Data-storytelling/main/2%20-%20Donn%C3%A9es/covers/20160901.jpg;2016;2016: #E6A08B;
196;09/01/2000;Bridget Hall;#DEAC94;0.726797386;DEAC94;222;172;148;9;20000901;https://raw.githubusercontent.com/amalenkr/Data-storytelling/main/2%20-%20Donn%C3%A9es/covers/20000901.jpg;2000;2000: #DEAC94;
197;08/01/2007;Winona Ryder;#CEAFA4;0.727591036;CEAFA4;206;175;164;1;20070801;https://raw.githubusercontent.com/amalenkr/Data-storytelling/main/2%20-%20Donn%C3%A9es/covers/20070801.jpg;2007;2007: #CEAFA4;
198;07/01/2001;Catherine Zeta-Jones;#D3AEA0;0.72872549;D3AEA0;211;174;160;1;20010701;https://raw.githubusercontent.com/amalenkr/Data-storytelling/main/2%20-%20Donn%C3%A9es/covers/20010701.jpg;2001;2001: #D3AEA0;
199;01/01/2014;Cate Blanchett;#DCAE97;0.729019608;DCAE97;220;174;151;1;20140101;https://raw.githubusercontent.com/amalenkr/Data-storytelling/main/2%20-%20Donn%C3%A9es/covers/20140101.jpg;2014;2014: #DCAE97;
200;02/01/2016;Penelope Cruz;#E3AF90;0.7291021670000001;E3AF90;227;175;144;9;20160201;https://raw.githubusercontent.com/amalenkr/Data-storytelling/main/2%20-%20Donn%C3%A9es/covers/20160201.jpg;2016;2016: #E3AF90;
201;01/01/2013;Gwen Stefani;#DDBC97;0.7301470590000001;DDBC97;221;188;151;1;20130101;https://raw.githubusercontent.com/amalenkr/Data-storytelling/main/2%20-%20Donn%C3%A9es/covers/20130101.jpg;2013;2013: #DDBC97;
202;02/01/2011;Kristen Stewart;#D6B79E;0.7316526609999999;D6B79E;214;183;158;1;20110201;https://raw.githubusercontent.com/amalenkr/Data-storytelling/main/2%20-%20Donn%C3%A9es/covers/20110201.jpg;2011;2011: #D6B79E;
203;11/01/2004;Jennifer Connelly;#DDBA97;0.731862745;DDBA97;221;186;151;1;20041101;https://raw.githubusercontent.com/amalenkr/Data-storytelling/main/2%20-%20Donn%C3%A9es/covers/20041101.jpg;2004;2004: #DDBA97;
204;08/01/2010;Gwyneth Paltrow;#DDBD9A;0.7375;DDBD9A;221;189;154;1;20100801;https://raw.githubusercontent.com/amalenkr/Data-storytelling/main/2%20-%20Donn%C3%A9es/covers/20100801.jpg;2010;2010: #DDBD9A;
205;06/01/2014;Charlize Theron;#E6A992;0.738562092;E6A992;230;169;146;9;20140601;https://raw.githubusercontent.com/amalenkr/Data-storytelling/main/2%20-%20Donn%C3%A9es/covers/20140601.jpg;2014;2014: #E6A992;
206;04/01/2014;Kim Kardashian;#E1B297;0.7395424840000001;E1B297;225;178;151;1;20140401;https://raw.githubusercontent.com/amalenkr/Data-storytelling/main/2%20-%20Donn%C3%A9es/covers/20140401.jpg;2014;2014: #E1B297;
207;04/01/2002;Angelina Jolie;#D8B3A0;0.73977591;D8B3A0;216;179;160;1;20020401;https://raw.githubusercontent.com/amalenkr/Data-storytelling/main/2%20-%20Donn%C3%A9es/covers/20020401.jpg;2002;2002: #D8B3A0;
208;11/01/2013;Kate Winslet;#E0B198;0.74004128;E0B198;224;177;152;1;20131101;https://raw.githubusercontent.com/amalenkr/Data-storytelling/main/2%20-%20Donn%C3%A9es/covers/20131101.jpg;2013;2013: #E0B198;
209;05/01/2016;Taylor Swift;#DFAF9A;0.740196078;DFAF9A;223;175;154;1;20160501;https://raw.githubusercontent.com/amalenkr/Data-storytelling/main/2%20-%20Donn%C3%A9es/covers/20160501.jpg;2016;2016: #DFAF9A;
210;09/01/2002;Kate Hudson;#D8B5A1;0.7414215690000001;D8B5A1;216;181;161;1;20020901;https://raw.githubusercontent.com/amalenkr/Data-storytelling/main/2%20-%20Donn%C3%A9es/covers/20020901.jpg;2002;2002: #D8B5A1;
211;10/01/2010;Carey Mulligan;#E0BF9A;0.743137255;E0BF9A;224;191;154;1;20101001;https://raw.githubusercontent.com/amalenkr/Data-storytelling/main/2%20-%20Donn%C3%A9es/covers/20101001.jpg;2010;2010: #E0BF9A;
212;02/01/2017;Dakota Johnson;#E1A899;0.744019608;E1A899;225;168;153;1;20170201;https://raw.githubusercontent.com/amalenkr/Data-storytelling/main/2%20-%20Donn%C3%A9es/covers/20170201.jpg;2017;2017: #E1A899;
213;11/01/2014;Natalia Vodianova;#EEB88D;0.74422658;EEB88D;238;184;141;9;20141101;https://raw.githubusercontent.com/amalenkr/Data-storytelling/main/2%20-%20Donn%C3%A9es/covers/20141101.jpg;2014;2014: #EEB88D;
214;11/01/2011;Rooney Mara;#D1B6AB;0.746588235;D1B6AB;209;182;171;1;20111101;https://raw.githubusercontent.com/amalenkr/Data-storytelling/main/2%20-%20Donn%C3%A9es/covers/20111101.jpg;2011;2011: #D1B6AB;
215;11/01/2002;Renee Zellweger;#D7B5A6;0.747593583;D7B5A6;215;181;166;1;20021101;https://raw.githubusercontent.com/amalenkr/Data-storytelling/main/2%20-%20Donn%C3%A9es/covers/20021101.jpg;2002;2002: #D7B5A6;
216;01/01/2016;Alicia Vikander;#E7AC96;0.7495356040000001;E7AC96;231;172;150;9;20160101;https://raw.githubusercontent.com/amalenkr/Data-storytelling/main/2%20-%20Donn%C3%A9es/covers/20160101.jpg;2016;2016: #E7AC96;
217;02/01/2005;Melania Trump;#DBBCA2;0.74956427;DBBCA2;219;188;162;1;20050201;https://raw.githubusercontent.com/amalenkr/Data-storytelling/main/2%20-%20Donn%C3%A9es/covers/20050201.jpg;2005;2005: #DBBCA2;
218;03/01/2003;Julianne Moore;#D5B6AB;0.754411765;D5B6AB;213;182;171;1;20030301;https://raw.githubusercontent.com/amalenkr/Data-storytelling/main/2%20-%20Donn%C3%A9es/covers/20030301.jpg;2003;2003: #D5B6AB;
219;11/01/2012;Rihanna;#F3B18D;0.7544406;F3B18D;243;177;141;9;20121101;https://raw.githubusercontent.com/amalenkr/Data-storytelling/main/2%20-%20Donn%C3%A9es/covers/20121101.jpg;2012;2012: #F3B18D;
220;01/01/2010;Rachel McAdams;#D6BAAA;0.754901961;D6BAAA;214;186;170;1;20100101;https://raw.githubusercontent.com/amalenkr/Data-storytelling/main/2%20-%20Donn%C3%A9es/covers/20100101.jpg;2010;2010: #D6BAAA;
221;05/01/2013;Carey Mulligan;#E2BF9E;0.755882353;E2BF9E;226;191;158;1;20130501;https://raw.githubusercontent.com/amalenkr/Data-storytelling/main/2%20-%20Donn%C3%A9es/covers/20130501.jpg;2013;2013: #E2BF9E;
222;07/01/2015;Cara Delevingne;#ECAE95;0.7567320259999999;ECAE95;236;174;149;9;20150701;https://raw.githubusercontent.com/amalenkr/Data-storytelling/main/2%20-%20Donn%C3%A9es/covers/20150701.jpg;2015;2015: #ECAE95;
223;07/01/2016;Amy Schumer;#E4BD9D;0.756951872;E4BD9D;228;189;157;1;20160701;https://raw.githubusercontent.com/amalenkr/Data-storytelling/main/2%20-%20Donn%C3%A9es/covers/20160701.jpg;2016;2016: #E4BD9D;
224;08/01/2004;Riley Keough;#D5BBAC;0.7573295990000001;D5BBAC;213;187;172;1;20040801;https://raw.githubusercontent.com/amalenkr/Data-storytelling/main/2%20-%20Donn%C3%A9es/covers/20040801.jpg;2004;2004: #D5BBAC;
225;12/01/2011;Charlize Theron;#DDBEA5;0.759728507;DDBEA5;221;190;165;1;20111201;https://raw.githubusercontent.com/amalenkr/Data-storytelling/main/2%20-%20Donn%C3%A9es/covers/20111201.jpg;2011;2011: #DDBEA5;
226;03/01/2018;Alicia Vikander;#EABB9A;0.763071895;EABB9A;234;187;154;1;20180301;https://raw.githubusercontent.com/amalenkr/Data-storytelling/main/2%20-%20Donn%C3%A9es/covers/20180301.jpg;2018;2018: #EABB9A;
227;02/01/2015;Dakota Johnson;#F3AC92;0.764488017;F3AC92;243;172;146;9;20150201;https://raw.githubusercontent.com/amalenkr/Data-storytelling/main/2%20-%20Donn%C3%A9es/covers/20150201.jpg;2015;2015: #F3AC92;
228;02/01/2012;Taylor Swift;#DCC0AC;0.7708683470000001;DCC0AC;220;192;172;3;20120201;https://raw.githubusercontent.com/amalenkr/Data-storytelling/main/2%20-%20Donn%C3%A9es/covers/20120201.jpg;2012;2012: #DCC0AC;
229;05/01/2015;Carey Mulligan;#F0BA98;0.771323529;F0BA98;240;186;152;1;20150501;https://raw.githubusercontent.com/amalenkr/Data-storytelling/main/2%20-%20Donn%C3%A9es/covers/20150501.jpg;2015;2015: #F0BA98;
230;08/01/2004;Priscilla Presley;#D4C0B5;0.772096531;D4C0B5;212;192;181;3;20040801;https://raw.githubusercontent.com/amalenkr/Data-storytelling/main/2%20-%20Donn%C3%A9es/covers/20040801.jpg;2004;2004: #D4C0B5;
231;04/01/2005;Drew Barrymore;#DCC4AD;0.772331155;DCC4AD;220;196;173;3;20050401;https://raw.githubusercontent.com/amalenkr/Data-storytelling/main/2%20-%20Donn%C3%A9es/covers/20050401.jpg;2005;2005: #DCC4AD;
232;07/01/2008;Nicole Kidman;#DCC5AD;0.773109244;DCC5AD;220;197;173;3;20080701;https://raw.githubusercontent.com/amalenkr/Data-storytelling/main/2%20-%20Donn%C3%A9es/covers/20080701.jpg;2008;2008: #DCC5AD;
233;09/01/2013;Jennifer Lawrence;#ECBC9E;0.774625144;ECBC9E;236;188;158;1;20130901;https://raw.githubusercontent.com/amalenkr/Data-storytelling/main/2%20-%20Donn%C3%A9es/covers/20130901.jpg;2013;2013: #ECBC9E;
234;02/01/2014;Lena Dunham;#E0C1AC;0.77739331;E0C1AC;224;193;172;3;20140201;https://raw.githubusercontent.com/amalenkr/Data-storytelling/main/2%20-%20Donn%C3%A9es/covers/20140201.jpg;2014;2014: #E0C1AC;
235;05/01/2017;Katy Perry;#E7BDA7;0.7820855609999999;E7BDA7;231;189;167;1;20170501;https://raw.githubusercontent.com/amalenkr/Data-storytelling/main/2%20-%20Donn%C3%A9es/covers/20170501.jpg;2017;2017: #E7BDA7;
236;10/01/2011;Michelle Williams;#D5CBBB;0.7861811390000001;D5CBBB;213;203;187;3;20111001;https://raw.githubusercontent.com/amalenkr/Data-storytelling/main/2%20-%20Donn%C3%A9es/covers/20111001.jpg;2011;2011: #D5CBBB;
237;11/01/2007;Jennifer Connelly;#E8C5AA;0.790196078;E8C5AA;232;197;170;3;20071101;https://raw.githubusercontent.com/amalenkr/Data-storytelling/main/2%20-%20Donn%C3%A9es/covers/20071101.jpg;2007;2007: #E8C5AA;
238;10/01/2009;Michelle Williams;#E5CBAD;0.7910216720000001;E5CBAD;229;203;173;3;20091001;https://raw.githubusercontent.com/amalenkr/Data-storytelling/main/2%20-%20Donn%C3%A9es/covers/20091001.jpg;2009;2009: #E5CBAD;
239;08/01/2013;Claire Danes;#EFC5A4;0.7928104579999999;EFC5A4;239;197;164;3;20130801;https://raw.githubusercontent.com/amalenkr/Data-storytelling/main/2%20-%20Donn%C3%A9es/covers/20130801.jpg;2013;2013: #EFC5A4;
240;03/01/2016;Adele;#F0BBA5;0.794509804;F0BBA5;240;187;165;1;20160301;https://raw.githubusercontent.com/amalenkr/Data-storytelling/main/2%20-%20Donn%C3%A9es/covers/20160301.jpg;2016;2016: #F0BBA5;
241;07/01/2011;Emma Watson;#E1C5B4;0.795588235;E1C5B4;225;197;180;3;20110701;https://raw.githubusercontent.com/amalenkr/Data-storytelling/main/2%20-%20Donn%C3%A9es/covers/20110701.jpg;2011;2011: #E1C5B4;
242;03/01/2012;Adele;#D7C7BF;0.7978883859999999;D7C7BF;215;199;191;3;20120301;https://raw.githubusercontent.com/amalenkr/Data-storytelling/main/2%20-%20Donn%C3%A9es/covers/20120301.jpg;2012;2012: #D7C7BF;
243;11/01/2016;Emma Stone;#E7C2B2;0.8029411759999999;E7C2B2;231;194;178;3;20161101;https://raw.githubusercontent.com/amalenkr/Data-storytelling/main/2%20-%20Donn%C3%A9es/covers/20161101.jpg;2016;2016: #E7C2B2;
244;03/01/2011;Lady Gaga;#E0C9B9;0.803267974;E0C9B9;224;201;185;3;20110301;https://raw.githubusercontent.com/amalenkr/Data-storytelling/main/2%20-%20Donn%C3%A9es/covers/20110301.jpg;2011;2011: #E0C9B9;
245;05/01/2014;Emma Stone;#E6BDB4;0.8051903109999999;E6BDB4;230;189;180;3;20140501;https://raw.githubusercontent.com/amalenkr/Data-storytelling/main/2%20-%20Donn%C3%A9es/covers/20140501.jpg;2014;2014: #E6BDB4;
246;05/01/2008;Gwyneth Paltrow;#E0C4BA;0.806302521;E0C4BA;224;196;186;3;20080501;https://raw.githubusercontent.com/amalenkr/Data-storytelling/main/2%20-%20Donn%C3%A9es/covers/20080501.jpg;2008;2008: #E0C4BA;
247;10/01/2018;Lady Gaga;#DDCAC0;0.812655971;DDCAC0;221;202;192;3;20181001;https://raw.githubusercontent.com/amalenkr/Data-storytelling/main/2%20-%20Donn%C3%A9es/covers/20181001.jpg;2018;2018: #DDCAC0;
248;09/01/2004;Gisele Bundchen;#EBCDB3;0.813112745;EBCDB3;235;205;179;3;20040901;https://raw.githubusercontent.com/amalenkr/Data-storytelling/main/2%20-%20Donn%C3%A9es/covers/20040901.jpg;2004;2004: #EBCDB3;
249;02/01/2013;Rooney Mara;#EDC8B4;0.8189950979999999;EDC8B4;237;200;180;3;20130201;https://raw.githubusercontent.com/amalenkr/Data-storytelling/main/2%20-%20Donn%C3%A9es/covers/20130201.jpg;2013;2013: #EDC8B4;
250;12/01/2000;Nicole Kidman;#DACFC7;0.820588235;DACFC7;218;207;199;3;20001201;https://raw.githubusercontent.com/amalenkr/Data-storytelling/main/2%20-%20Donn%C3%A9es/covers/20001201.jpg;2000;2000: #DACFC7;
251;07/01/2013;Katy Perry;#EDCAB5;0.821799308;EDCAB5;237;202;181;3;20130701;https://raw.githubusercontent.com/amalenkr/Data-storytelling/main/2%20-%20Donn%C3%A9es/covers/20130701.jpg;2013;2013: #EDCAB5;
252;10/01/2012;Keira Knightley;#EEBFB4;0.82254902;EEBFB4;238;191;180;3;20121001;https://raw.githubusercontent.com/amalenkr/Data-storytelling/main/2%20-%20Donn%C3%A9es/covers/20121001.jpg;2012;2012: #EEBFB4;
253;04/01/2018;Kendall Jenner;#E7CDBC;0.824355005;E7CDBC;231;205;188;3;20180401;https://raw.githubusercontent.com/amalenkr/Data-storytelling/main/2%20-%20Donn%C3%A9es/covers/20180401.jpg;2018;2018: #E7CDBC;
254;12/01/2012;Anne Hathaway;#EBD1BD;0.833946078;EBD1BD;235;209;189;3;20121201;https://raw.githubusercontent.com/amalenkr/Data-storytelling/main/2%20-%20Donn%C3%A9es/covers/20121201.jpg;2012;2012: #EBD1BD;
255;09/01/2004;Daria Werbowy;#ECD1BD;0.834858388;ECD1BD;236;209;189;3;20040901;https://raw.githubusercontent.com/amalenkr/Data-storytelling/main/2%20-%20Donn%C3%A9es/covers/20040901.jpg;2004;2004: #ECD1BD;
256;09/01/2012;Lady Gaga;#E2D1C7;0.8357298470000001;E2D1C7;226;209;199;3;20120901;https://raw.githubusercontent.com/amalenkr/Data-storytelling/main/2%20-%20Donn%C3%A9es/covers/20120901.jpg;2012;2012: #E2D1C7;
257;09/01/2004;Natalia Vodianova;#F0D6C4;0.855555556;F0D6C4;240;214;196;3;20040901;https://raw.githubusercontent.com/amalenkr/Data-storytelling/main/2%20-%20Donn%C3%A9es/covers/20040901.jpg;2004;2004: #F0D6C4;
258;12/01/2014;Amy Adams;#ECCDC9;0.8573529409999999;ECCDC9;236;205;201;3;20141201;https://raw.githubusercontent.com/amalenkr/Data-storytelling/main/2%20-%20Donn%C3%A9es/covers/20141201.jpg;2014;2014: #ECCDC9;
259;11/01/2018;Claire Foy;#EFD0C5;0.8582267690000001;EFD0C5;239;208;197;3;20181101;https://raw.githubusercontent.com/amalenkr/Data-storytelling/main/2%20-%20Donn%C3%A9es/covers/20181101.jpg;2018;2018: #EFD0C5;
260;12/01/2013;Jessica Chastain;#F8D2BE;0.86127451;F8D2BE;248;210;190;3;20131201;https://raw.githubusercontent.com/amalenkr/Data-storytelling/main/2%20-%20Donn%C3%A9es/covers/20131201.jpg;2013;2013: #F8D2BE;
261;11/01/2010;Anne Hathaway;#F6D9CB;0.882352941;F6D9CB;246;217;203;3;20101101;https://raw.githubusercontent.com/amalenkr/Data-storytelling/main/2%20-%20Donn%C3%A9es/covers/20101101.jpg;2010;2010: #F6D9CB;
